trial_id,kind,class_name,height_m,speed_mps,status,measurement_completeness_status,artifact_set_complete,performance_verdict,performance_hard_failure,performance_failure_reasons,performance_metric_failure_reasons,p_confirm,p_selected,p_interrupt,stable_id,confirmation_exposure_sec,confirmation_processing_ms,confirmation_pipeline_ms,processing_receipt_reordered,stage_trace_enabled,complete_mapped_frames,partial_only_mapped_frames,complete_mapped_rate,partial_source_sets,p95_detector_inference_ms,p95_detector_processing_ms,eligible_frames,raw_class_frames,raw_geometry_frames,resolved_frames,refined_frames,geometry_verified_frames,association_valid_frames,center_refined_frames,detection_frames,map_valid_frames,failure_stage,map_invalid_rate,map_unavailable_rate,tf_failure_rate,mean_map_error_xy,p95_map_error_xy,map_error_sample_count,entered_fully_in_frame,left_fully_in_frame,expected_duration_sec,actual_duration_sec,expected_speed_mps,actual_speed_mps,camera_pose_frame_count,motion_sample_count,lateral_offset_sample_count,mean_actual_linear_speed_mps,p95_actual_linear_speed_mps,mean_abs_actual_yaw_rate_radps,p95_abs_actual_yaw_rate_radps,mean_abs_normalized_lateral_offset,p95_abs_normalized_lateral_offset,class_group_completed_trials,class_group_p_confirm,class_group_p_selected,class_group_mean_actual_linear_speed_mps,class_group_p95_abs_normalized_lateral_offset,height_group_completed_trials,height_group_p_confirm,height_group_p_selected,height_group_mean_actual_linear_speed_mps,height_group_p95_abs_normalized_lateral_offset,speed_group_completed_trials,speed_group_p_confirm,speed_group_p_selected,speed_group_mean_actual_linear_speed_mps,speed_group_p95_abs_normalized_lateral_offset,confirmed_observations,unexpected_confirmed_observations,disallowed_confirmed_observations,unique_confirmed_targets,policy_rejected_confirmed_observations,selected_observations,unexpected_selected_observations,disallowed_selected_observations,unique_selected_targets,policy_rejected_selected_observations,tank_confirmed_observations,tank_selected_observations,navigation_metrics_mode,navigation_target_stage_capability,navigation_metrics_reason,p_decision,p_dispatch,p_planner_arrival,p_interrupt_reason,navigation_binding_keys,navigation_validation_errors,lateral_bin,visibility_profile,p_confirm_visibility,p_selected_visibility,entered_visibility_window,left_visibility_window,requested_target_path_lateral_offset_m,requested_pixel_offset_x_normalized,target_lateral_sample_count,mean_target_path_lateral_offset_m,p95_abs_target_path_lateral_offset_m,mean_target_pixel_offset_x_normalized,p95_abs_target_pixel_offset_x_normalized,lateral_group_completed_trials,lateral_group_p_confirm,lateral_group_p_selected,lateral_group_p_confirm_visibility,lateral_group_p_selected_visibility,lateral_group_mean_target_path_lateral_offset_m,lateral_group_mean_target_pixel_offset_x_normalized,design_kind,relative_angle_deg,motion_profile,framing,relative_angle_measurement,planned_sample_count,expected_primary_target_id
lateral_tent_center,dynamic,tent,2.4,1.0,completed,MEASURED,True,NOT_GATED,False,"[""threshold_unfrozen:max_tf_failure_rate"", ""threshold_unfrozen:min_p_confirm"", ""threshold_unfrozen:min_p_selected""]",[],True,True,,2,0.0,68.03106000006665,60.68406299982598,False,True,185,9,0.9536082474226805,"{""circle_detector+cross_detector"": 9}",50.8823,53.0261,32,30,32,30,30,30,30,30,30,30,,0.0,0.0625,0.0,0.0480345343372954,0.06240183269735439,30,True,True,7.0,7.019,1.0,0.9972930616896993,196,152,153,0.9677571414962293,1.923076923076155,0.0,0.0,0.004642857142825767,0.004642857142825767,5,1.0,0.6666666666666666,0.9883186084847277,0.004642857142825767,25,1.0,0.8666666666666667,1.0124813823734617,0.006946418533425176,25,1.0,0.8666666666666667,1.0124813823734617,0.006946418533425176,429,304,304,3,390,39,0,0,1,0,0,0,visual_only,False,navigation_topics_not_subscribed,,,,visual_only_no_navigation_acceptance_event,[],[],center,full,True,True,True,True,0.0,0.0,32,0.0,0.0,0.019581067597323643,0.020495756625130923,5,1.0,1.0,1.0,1.0,0.0,0.019556380044469027,,,,,,,
lateral_tent_left75,dynamic,tent,2.4,1.0,completed,MEASURED,True,NOT_GATED,False,"[""threshold_unfrozen:max_tf_failure_rate"", ""threshold_unfrozen:min_p_confirm"", ""threshold_unfrozen:min_p_selected""]",[],True,True,,1,0.0,51.20770900066418,45.7074920004743,False,True,182,11,0.9430051813471503,"{""circle_detector+cross_detector"": 11}",60.6922,62.3834,31,29,31,29,29,29,29,29,29,29,,0.0,0.06451612903225806,0.0,0.05428234594523502,0.1102217509291536,29,True,True,7.0,7.043,1.0,0.9938946471674003,194,151,152,0.996485371029785,2.17391304348131,0.0,0.0,0.004642857142825767,0.004642857142825767,5,1.0,0.6666666666666666,0.9883186084847277,0.004642857142825767,25,1.0,0.8666666666666667,1.0124813823734617,0.006946418533425176,25,1.0,0.8666666666666667,1.0124813823734617,0.006946418533425176,246,123,123,2,208,38,0,0,1,0,0,0,visual_only,False,navigation_topics_not_subscribed,,,,visual_only_no_navigation_acceptance_event,[],[],left75,full,True,True,True,True,-0.8710349230721868,-0.5242840150045246,31,-0.8710349230721868,0.8710349230721868,-0.5047165240258383,0.5057195389991888,5,1.0,1.0,1.0,1.0,-0.9437057305256029,-0.5484377391710045,,,,,,,
lateral_tent_right75,dynamic,tent,2.4,1.0,completed,MEASURED,True,NOT_GATED,False,"[""threshold_unfrozen:max_tf_failure_rate"", ""threshold_unfrozen:min_p_confirm"", ""threshold_unfrozen:min_p_selected""]",[],True,False,,2,0.0,95.23633200024051,77.37664799969934,False,True,178,11,0.9417989417989417,"{""circle_detector+cross_detector"": 11}",50.629000000000005,53.5626,30,29,30,29,29,29,29,29,29,29,,0.0,0.03333333333333333,0.0,0.0599028010512819,0.11190418391776391,29,True,True,7.0,7.028,1.0,0.9960159362549802,191,151,152,1.0022614209881517,2.1276595744669295,0.0,0.0,0.004642857142825767,0.004642857142825767,5,1.0,0.6666666666666666,0.9883186084847277,0.004642857142825767,25,1.0,0.8666666666666667,1.0124813823734617,0.006946418533425176,25,1.0,0.8666666666666667,1.0124813823734617,0.006946418533425176,651,531,412,5,577,38,37,0,2,0,0,0,visual_only,False,navigation_topics_not_subscribed,,,,visual_only_no_navigation_acceptance_event,[],[],right75,full,True,False,True,True,0.8710349230721868,0.5242840150045246,30,0.8710349230721868,0.8710349230721868,0.543853174268535,0.5446384908034663,5,1.0,0.6,1.0,0.6,0.9421917553703234,0.5866864941535564,,,,,,,
lateral_tent_left_partial,dynamic,tent,2.4,1.0,completed,MEASURED,True,NOT_GATED,False,"[""threshold_unfrozen:max_tf_failure_rate"", ""threshold_unfrozen:min_p_confirm"", ""threshold_unfrozen:min_p_selected""]",[],,,,,,,,False,True,179,5,0.9728260869565217,"{""circle_detector+cross_detector"": 5}",54.26405,57.977,49,48,1,48,48,0,0,0,48,0,geometry_association,1.0,1.0,0.0,,,0,False,False,7.0,7.049,1.0,0.9930486593843098,185,146,147,0.986320001871965,1.933551198259295,0.0,0.0,0.004642857142825767,0.004642857142825767,5,1.0,0.6666666666666666,0.9883186084847277,0.004642857142825767,25,1.0,0.8666666666666667,1.0124813823734617,0.006946418533425176,25,1.0,0.8666666666666667,1.0124813823734617,0.006946418533425176,0,0,0,0,0,0,0,0,0,0,0,0,visual_only,False,navigation_topics_not_subscribed,,,,visual_only_no_navigation_acceptance_event,[],[],left_partial,partial,False,False,True,True,-1.4113798974295824,-0.8495226766696831,49,-1.4113798974295821,1.4113798974295821,-0.829967226710065,0.8318369155776233,5,,,0.0,0.0,-1.4441473871415165,-0.849688312318304,,,,,,,
lateral_tent_right_partial,dynamic,tent,2.4,1.0,completed,MEASURED,True,NOT_GATED,False,"[""threshold_unfrozen:max_tf_failure_rate"", ""threshold_unfrozen:min_p_confirm"", ""threshold_unfrozen:min_p_selected""]",[],,,,,,,,False,True,168,4,0.9767441860465116,"{""circle_detector+cross_detector"": 4}",58.03275,61.2335,47,46,37,46,46,0,0,0,46,0,geometry_association,1.0,1.0,0.0,,,0,False,False,7.0,7.011,1.0,0.9984310369419483,173,136,137,0.9888965034508639,1.8696581196586064,0.0,0.0,0.004642857142825767,0.004642857142825767,5,1.0,0.6666666666666666,0.9883186084847277,0.004642857142825767,25,1.0,0.8666666666666667,1.0124813823734617,0.006946418533425176,25,1.0,0.8666666666666667,1.0124813823734617,0.006946418533425176,712,712,437,5,651,61,61,0,2,0,0,0,visual_only,False,navigation_topics_not_subscribed,,,,visual_only_no_navigation_acceptance_event,[],[],right_partial,partial,False,False,True,True,1.4113798974295824,0.8495226766696831,47,1.4113798974295821,1.4113798974295821,0.8691456077398643,0.8703940546651869,5,,,0.0,0.0,1.4478735414973787,0.8910819629970932,,,,,,,
lateral_pillbox_center,dynamic,pillbox,2.4,1.0,completed,MEASURED,True,NOT_GATED,False,"[""threshold_unfrozen:max_tf_failure_rate"", ""threshold_unfrozen:min_p_confirm"", ""threshold_unfrozen:min_p_selected""]",[],True,True,,4,0.0,49.8878929993225,55.24327099919901,False,True,180,6,0.967741935483871,"{""circle_detector+cross_detector"": 6}",63.7647,66.35719999999999,29,27,29,27,27,27,27,27,27,27,,0.0,0.06896551724137931,0.0,0.04359644916174862,0.04573342365647949,27,True,True,7.0,7.044,1.0,0.9937535491198184,188,147,148,0.9865808398253874,1.7857142857130035,0.0,0.0,0.004642857142825767,0.004642857142825767,5,1.0,0.6666666666666666,1.0472149732058487,0.004642857142825799,25,1.0,0.8666666666666667,1.0124813823734617,0.006946418533425176,25,1.0,0.8666666666666667,1.0124813823734617,0.006946418533425176,774,651,475,5,711,63,28,0,2,0,0,0,visual_only,False,navigation_topics_not_subscribed,,,,visual_only_no_navigation_acceptance_event,[],[],center,full,True,True,True,True,0.0,0.0,29,0.0,0.0,0.019565410524613795,0.02046713871270612,5,1.0,1.0,1.0,1.0,0.0,0.019556380044469027,,,,,,,
lateral_pillbox_left75,dynamic,pillbox,2.4,1.0,completed,MEASURED,True,NOT_GATED,False,"[""threshold_unfrozen:max_tf_failure_rate"", ""threshold_unfrozen:min_p_confirm"", ""threshold_unfrozen:min_p_selected""]",[],True,True,,4,0.0,64.12427499981277,74.0989569994781,False,True,167,4,0.9766081871345029,"{""circle_detector+cross_detector"": 4}",60.457,64.47175,28,26,28,26,26,26,26,26,26,26,,0.0,0.07142857142857142,0.0,0.04142379432494292,0.09507718289790298,26,True,True,7.0,7.042,1.0,0.9940357852882704,174,133,134,0.9739436402258937,1.865828092243058,0.0,0.0,0.004642857142825767,0.004642857142825767,5,1.0,0.6666666666666666,1.0472149732058487,0.004642857142825799,25,1.0,0.8666666666666667,1.0124813823734617,0.006946418533425176,25,1.0,0.8666666666666667,1.0124813823734617,0.006946418533425176,617,503,389,5,548,35,0,0,1,0,0,0,visual_only,False,navigation_topics_not_subscribed,,,,visual_only_no_navigation_acceptance_event,[],[],left75,full,True,True,True,True,-0.8710349230721868,-0.5242840150045246,28,-0.8710349230721868,0.8710349230721868,-0.5046649446555276,0.5056794064401025,5,1.0,1.0,1.0,1.0,-0.9437057305256029,-0.5484377391710045,,,,,,,
lateral_pillbox_right75,dynamic,pillbox,2.4,1.0,completed,MEASURED,True,NOT_GATED,False,"[""threshold_unfrozen:max_tf_failure_rate"", ""threshold_unfrozen:min_p_confirm"", ""threshold_unfrozen:min_p_selected""]",[],True,False,,7,0.0,98.71741400002065,87.77698799985956,False,True,160,5,0.9696969696969697,"{""circle_detector+cross_detector"": 5}",63.569,65.6759,24,24,24,24,24,24,24,24,24,24,,0.0,0.0,0.0,0.054147413741552304,0.09517211388844808,24,True,True,7.0,7.017,1.0,0.9975773122416987,167,130,131,0.9666777665461437,1.9791666666598478,0.0,0.0,0.004642857142825767,0.004642857142825767,5,1.0,0.6666666666666666,1.0472149732058487,0.004642857142825799,25,1.0,0.8666666666666667,1.0124813823734617,0.006946418533425176,25,1.0,0.8666666666666667,1.0124813823734617,0.006946418533425176,808,700,375,7,696,86,81,0,4,0,0,0,visual_only,False,navigation_topics_not_subscribed,,,,visual_only_no_navigation_acceptance_event,[],[],right75,full,True,False,True,True,0.8710349230721868,0.5242840150045246,24,0.8710349230721868,0.8710349230721868,0.5438699468865826,0.5446039009538014,5,1.0,0.6,1.0,0.6,0.9421917553703234,0.5866864941535564,,,,,,,
lateral_pillbox_left_partial,dynamic,pillbox,2.4,1.0,completed,MEASURED,True,NOT_GATED,False,"[""threshold_unfrozen:max_tf_failure_rate"", ""threshold_unfrozen:min_p_confirm"", ""threshold_unfrozen:min_p_selected""]",[],,,,,,,,False,True,161,13,0.9252873563218391,"{""circle_detector+cross_detector"": 13}",71.36425000000001,73.66550000000001,48,44,39,44,44,0,0,0,44,0,geometry_association,1.0,1.0,0.0,,,0,False,False,7.0,7.041,1.0,0.9941769634995029,176,140,141,1.3236193298489216,2.0041666666683846,0.0,0.0,0.004642857142825767,0.004642857142825767,5,1.0,0.6666666666666666,1.0472149732058487,0.004642857142825799,25,1.0,0.8666666666666667,1.0124813823734617,0.006946418533425176,25,1.0,0.8666666666666667,1.0124813823734617,0.006946418533425176,374,374,265,3,340,34,34,0,1,0,0,0,visual_only,False,navigation_topics_not_subscribed,,,,visual_only_no_navigation_acceptance_event,[],[],left_partial,partial,False,False,True,True,-1.4113798974295824,-0.8495226766696831,48,-1.4113798974295821,1.4113798974295821,-0.8299906935511807,0.8318069333379361,5,,,0.0,0.0,-1.4441473871415165,-0.849688312318304,,,,,,,
lateral_pillbox_right_partial,dynamic,pillbox,2.4,1.0,completed,MEASURED,True,NOT_GATED,False,"[""threshold_unfrozen:max_tf_failure_rate"", ""threshold_unfrozen:min_p_confirm"", ""threshold_unfrozen:min_p_selected""]",[],,,,,,,,False,True,164,5,0.9704142011834319,"{""circle_detector+cross_detector"": 5}",66.08199999999998,70.63139999999999,46,45,37,45,45,0,0,0,45,0,geometry_association,1.0,1.0,0.0,,,0,False,False,7.0,7.034,1.0,0.9951663349445551,171,134,135,0.9758084943177389,1.829966329968801,0.0,0.0,0.004642857142825799,0.004642857142825799,5,1.0,0.6666666666666666,1.0472149732058487,0.004642857142825799,25,1.0,0.8666666666666667,1.0124813823734617,0.006946418533425176,25,1.0,0.8666666666666667,1.0124813823734617,0.006946418533425176,527,527,272,5,441,86,86,0,3,0,0,0,visual_only,False,navigation_topics_not_subscribed,,,,visual_only_no_navigation_acceptance_event,[],[],right_partial,partial,False,False,True,True,1.4113798974295824,0.8495226766696831,46,1.4113798974295821,1.4113798974295821,0.8691656301411865,0.8703538025403603,5,,,0.0,0.0,1.4478735414973787,0.8910819629970932,,,,,,,
lateral_bridge_center,dynamic,bridge,2.4,1.0,completed,MEASURED,True,NOT_GATED,False,"[""threshold_unfrozen:max_tf_failure_rate"", ""threshold_unfrozen:min_p_confirm"", ""threshold_unfrozen:min_p_selected""]",[],True,True,,4,0.0,60.130028999992646,44.4662440004322,False,True,166,1,0.9940119760479041,"{""circle_detector+cross_detector"": 1}",58.55520000000001,62.6362,29,29,29,29,29,29,29,29,29,29,,0.0,0.0,0.0,0.05783265760174892,0.06268325649254866,29,True,True,7.0,7.028,1.0,0.9960159362549802,168,131,132,0.9885384059131747,1.8874643874604073,0.0,0.0,0.004642857142825767,0.004642857142825767,5,1.0,1.0,0.9754544517913774,0.004642857142825767,25,1.0,0.8666666666666667,1.0124813823734617,0.006946418533425176,25,1.0,0.8666666666666667,1.0124813823734617,0.006946418533425176,661,547,303,7,545,116,81,0,4,0,0,0,visual_only,False,navigation_topics_not_subscribed,,,,visual_only_no_navigation_acceptance_event,[],[],center,full,True,True,True,True,0.0,0.0,29,0.0,0.0,0.019570339674394047,0.020538682076340038,5,1.0,1.0,1.0,1.0,0.0,0.019556380044469027,,,,,,,
lateral_bridge_left75,dynamic,bridge,2.4,1.0,completed,MEASURED,True,NOT_GATED,False,"[""threshold_unfrozen:max_tf_failure_rate"", ""threshold_unfrozen:min_p_confirm"", ""threshold_unfrozen:min_p_selected""]",[],True,True,,5,0.0,62.9397449993121,62.02389600002789,False,True,162,3,0.9818181818181818,"{""circle_detector+cross_detector"": 3}",55.86370000000001,58.104549999999996,28,28,28,28,28,28,28,28,28,28,,0.0,0.0,0.0,0.05228478028883485,0.06255590736128656,28,True,True,7.0,7.025,1.0,0.9964412811387899,169,133,134,0.9731847811859125,1.7943201376921403,0.0,0.0,0.004642857142825767,0.004642857142825767,5,1.0,1.0,0.9754544517913774,0.004642857142825767,25,1.0,0.8666666666666667,1.0124813823734617,0.006946418533425176,25,1.0,0.8666666666666667,1.0124813823734617,0.006946418533425176,831,725,391,9,682,117,82,0,5,0,0,0,visual_only,False,navigation_topics_not_subscribed,,,,visual_only_no_navigation_acceptance_event,[],[],left75,full,True,True,True,True,-0.8710349230721868,-0.5242840150045246,28,-0.8710349230721868,0.8710349230721868,-0.5047652336473912,0.5057315787669147,5,1.0,1.0,1.0,1.0,-0.9437057305256029,-0.5484377391710045,,,,,,,
lateral_bridge_right75,dynamic,bridge,2.4,1.0,completed,MEASURED,True,NOT_GATED,False,"[""threshold_unfrozen:max_tf_failure_rate"", ""threshold_unfrozen:min_p_confirm"", ""threshold_unfrozen:min_p_selected""]",[],True,True,,4,0.0,70.8715150003627,73.34753200029809,False,True,160,9,0.9467455621301775,"{""circle_detector+cross_detector"": 9}",62.933800000000005,64.3298,29,29,29,29,29,29,29,29,29,29,,0.0,0.0,0.0,0.05461257793088198,0.09193700942625127,29,True,True,7.0,7.015,1.0,0.9978617248752674,170,134,135,0.973038835676533,1.821091644202646,0.0,0.0,0.004642857142825767,0.004642857142825767,5,1.0,1.0,0.9754544517913774,0.004642857142825767,25,1.0,0.8666666666666667,1.0124813823734617,0.006946418533425176,25,1.0,0.8666666666666667,1.0124813823734617,0.006946418533425176,320,211,135,5,237,83,47,0,3,0,0,0,visual_only,False,navigation_topics_not_subscribed,,,,visual_only_no_navigation_acceptance_event,[],[],right75,full,True,True,True,True,0.8710349230721868,0.5242840150045246,29,0.8710349230721866,0.8710349230721866,0.543870677617015,0.5446416353352538,5,1.0,0.6,1.0,0.6,0.9421917553703234,0.5866864941535564,,,,,,,
lateral_bridge_left_partial,dynamic,bridge,2.4,1.0,completed,MEASURED,True,NOT_GATED,False,"[""threshold_unfrozen:max_tf_failure_rate"", ""threshold_unfrozen:min_p_confirm"", ""threshold_unfrozen:min_p_selected""]",[],,,,,,,,False,True,166,8,0.9540229885057471,"{""circle_detector+cross_detector"": 8}",61.172,64.37025,47,46,36,46,46,0,0,0,46,0,geometry_association,1.0,1.0,0.0,,,0,False,False,7.0,7.027,1.0,0.996157677529529,177,141,142,0.9685182775322017,1.9607843137194076,0.0,0.0,0.004642857142825767,0.004642857142825767,5,1.0,1.0,0.9754544517913774,0.004642857142825767,25,1.0,0.8666666666666667,1.0124813823734617,0.006946418533425176,25,1.0,0.8666666666666667,1.0124813823734617,0.006946418533425176,738,738,449,7,650,88,88,0,3,0,0,0,visual_only,False,navigation_topics_not_subscribed,,,,visual_only_no_navigation_acceptance_event,[],[],left_partial,partial,False,False,True,True,-1.4113798974295824,-0.8495226766696831,47,-1.4113798974295821,1.4113798974295821,-0.829880414789771,0.8318112165150344,5,,,0.0,0.0,-1.4441473871415165,-0.849688312318304,,,,,,,
lateral_bridge_right_partial,dynamic,bridge,2.4,1.0,completed,MEASURED,True,NOT_GATED,False,"[""threshold_unfrozen:max_tf_failure_rate"", ""threshold_unfrozen:min_p_confirm"", ""threshold_unfrozen:min_p_selected""]",[],,,,,,,,False,True,152,4,0.9743589743589743,"{""circle_detector+cross_detector"": 4}",67.39840000000001,68.90955,44,44,1,44,44,1,1,1,44,1,target_memory_admission,0.9772727272727273,0.9772727272727273,0.0,0.7880232638283186,0.7880232638283186,1,False,False,7.0,7.019,1.0,0.9972930616896993,158,126,127,0.9745779544144271,1.7946708463934615,0.0,0.0,0.004642857142825767,0.004642857142825767,5,1.0,1.0,0.9754544517913774,0.004642857142825767,25,1.0,0.8666666666666667,1.0124813823734617,0.006946418533425176,25,1.0,0.8666666666666667,1.0124813823734617,0.006946418533425176,90,90,22,3,46,44,44,0,2,0,0,0,visual_only,False,navigation_topics_not_subscribed,,,,visual_only_no_navigation_acceptance_event,[],[],right_partial,partial,False,False,True,True,1.4113798974295824,0.8495226766696831,44,1.4113798974295821,1.4113798974295821,0.8691299125862867,0.8703940543804098,5,,,0.0,0.0,1.4478735414973787,0.8910819629970932,,,,,,,
lateral_panzer_center,dynamic,panzer,2.4,1.0,completed,MEASURED,True,NOT_GATED,False,"[""threshold_unfrozen:max_tf_failure_rate"", ""threshold_unfrozen:min_p_confirm"", ""threshold_unfrozen:min_p_selected""]",[],True,True,,1,0.0,109.52407800050423,84.19673000025796,False,True,120,3,0.975609756097561,"{""circle_detector+cross_detector"": 3}",57.02119999999999,59.733999999999995,29,29,29,29,29,29,29,29,29,29,,0.0,0.0,0.0,0.054307403336306036,0.11182989250659359,29,True,True,4.67867,4.708,1.0,0.9937701784197112,125,89,90,0.9664621845028293,1.8171126308778582,0.0,0.0,0.006946418533425176,0.006946418533425176,5,1.0,1.0,0.9799203845865714,0.006946418533425176,25,1.0,0.8666666666666667,1.0124813823734617,0.006946418533425176,25,1.0,0.8666666666666667,1.0124813823734617,0.006946418533425176,424,316,212,6,343,59,24,0,2,0,0,0,visual_only,False,navigation_topics_not_subscribed,,,,visual_only_no_navigation_acceptance_event,[],[],center,full,True,True,True,True,0.0,0.0,29,0.0,0.0,0.019497235928794245,0.020414555454986,5,1.0,1.0,1.0,1.0,0.0,0.019556380044469027,,,,,,,
lateral_panzer_left75,dynamic,panzer,2.4,1.0,completed,MEASURED,True,NOT_GATED,False,"[""threshold_unfrozen:max_tf_failure_rate"", ""threshold_unfrozen:min_p_confirm"", ""threshold_unfrozen:min_p_selected""]",[],True,True,,2,0.0,99.99174400036281,68.29679900056362,False,True,121,4,0.968,"{""circle_detector+cross_detector"": 4}",61.926,64.4708,26,25,26,25,25,25,25,25,25,25,,0.0,0.038461538461538464,0.0,0.06286827741389121,0.11181805187437037,25,True,True,4.67867,4.709,1.0,0.9935591420683798,127,86,87,0.9904842956351207,1.605583390529641,0.0,0.0,0.006946418533425176,0.006946418533425175,5,1.0,1.0,0.9799203845865714,0.006946418533425176,25,1.0,0.8666666666666667,1.0124813823734617,0.006946418533425176,25,1.0,0.8666666666666667,1.0124813823734617,0.006946418533425176,448,337,282,5,393,55,22,0,2,0,0,0,visual_only,False,navigation_topics_not_subscribed,,,,visual_only_no_navigation_acceptance_event,[],[],left75,full,True,True,True,True,-0.8710349230721868,-0.5242840150045246,26,-0.8710349230721867,0.8710349230721867,-0.5046511033106292,0.5056295629129258,5,1.0,1.0,1.0,1.0,-0.9437057305256029,-0.5484377391710045,,,,,,,
lateral_panzer_right75,dynamic,panzer,2.4,1.0,completed,MEASURED,True,NOT_GATED,False,"[""threshold_unfrozen:max_tf_failure_rate"", ""threshold_unfrozen:min_p_confirm"", ""threshold_unfrozen:min_p_selected""]",[],True,True,,1,0.0,116.43957900014357,59.93353299982118,False,True,121,3,0.9758064516129032,"{""circle_detector+cross_detector"": 3}",55.977000000000004,58.038,31,31,31,31,31,31,31,31,31,31,,0.0,0.0,0.0,0.0581188711792346,0.11042541441010975,31,True,True,4.67867,4.721,1.0,0.991033679305232,125,89,90,0.9753657535607442,1.9319330811692677,0.0,0.0,0.006946418533425176,0.006946418533425176,5,1.0,1.0,0.9799203845865714,0.006946418533425176,25,1.0,0.8666666666666667,1.0124813823734617,0.006946418533425176,25,1.0,0.8666666666666667,1.0124813823734617,0.006946418533425176,324,215,162,4,263,61,25,0,2,0,0,0,visual_only,False,navigation_topics_not_subscribed,,,,visual_only_no_navigation_acceptance_event,[],[],right75,full,True,True,True,True,0.8710349230721868,0.5242840150045246,31,0.8710349230721866,0.8710349230721866,0.5438123910864968,0.5446830589595698,5,1.0,0.6,1.0,0.6,0.9421917553703234,0.5866864941535564,,,,,,,
lateral_panzer_left_partial,dynamic,panzer,2.4,1.0,completed,MEASURED,True,NOT_GATED,False,"[""threshold_unfrozen:max_tf_failure_rate"", ""threshold_unfrozen:min_p_confirm"", ""threshold_unfrozen:min_p_selected""]",[],,,,,,,,False,True,121,6,0.952755905511811,"{""circle_detector+cross_detector"": 6}",64.172,68.59499999999998,50,44,43,44,44,0,0,0,44,0,geometry_association,1.0,1.0,0.0,,,0,False,False,4.67867,4.708,1.0,0.9937701784197112,128,89,90,0.99028404577748,1.8300407049189265,0.0,0.0,0.006946418533425176,0.006946418533425176,5,1.0,1.0,0.9799203845865714,0.006946418533425176,25,1.0,0.8666666666666667,1.0124813823734617,0.006946418533425176,25,1.0,0.8666666666666667,1.0124813823734617,0.006946418533425176,222,222,169,3,200,22,22,0,1,0,0,0,visual_only,False,navigation_topics_not_subscribed,,,,visual_only_no_navigation_acceptance_event,[],[],left_partial,partial,False,False,True,True,-1.4113798974295824,-0.8495226766696831,50,-1.4113798974295824,1.4113798974295824,-0.8300573129820957,0.831971704324521,5,,,0.0,0.0,-1.4441473871415165,-0.849688312318304,,,,,,,
lateral_panzer_right_partial,dynamic,panzer,2.4,1.0,completed,MEASURED,True,NOT_GATED,False,"[""threshold_unfrozen:max_tf_failure_rate"", ""threshold_unfrozen:min_p_confirm"", ""threshold_unfrozen:min_p_selected""]",[],,,,,,,,False,True,121,3,0.9758064516129032,"{""circle_detector+cross_detector"": 3}",58.1278,60.6768,46,44,0,44,44,0,0,0,44,0,raw_geometry,1.0,1.0,0.0,,,0,False,False,4.67867,4.699,1.0,0.9956735475633115,125,85,86,0.9772413230875777,1.803466330476101,0.0,0.0,0.006946418533425176,0.006946418533425176,5,1.0,1.0,0.9799203845865714,0.006946418533425176,25,1.0,0.8666666666666667,1.0124813823734617,0.006946418533425176,25,1.0,0.8666666666666667,1.0124813823734617,0.006946418533425176,116,116,58,2,91,25,25,0,1,0,0,0,visual_only,False,navigation_topics_not_subscribed,,,,visual_only_no_navigation_acceptance_event,[],[],right_partial,partial,False,False,True,True,1.4113798974295824,0.8495226766696831,46,1.4113798974295824,1.4113798974295824,0.8690515416396795,0.870352018179597,5,,,0.0,0.0,1.4478735414973787,0.8910819629970932,,,,,,,
lateral_red_cross_center,dynamic,red_cross,2.4,1.0,completed,MEASURED,True,NOT_GATED,False,"[""threshold_unfrozen:max_tf_failure_rate"", ""threshold_unfrozen:min_p_confirm"", ""threshold_unfrozen:min_p_selected""]",[],True,True,,4,0.08799999999996544,83.81576100055099,68.36202700014837,False,True,154,6,0.9625,"{""circle_detector+cross_detector"": 6}",54.3582,55.9982,45,33,33,33,33,33,33,33,33,33,,0.0,0.26666666666666666,0.0,0.04025357129297753,0.09836253703105619,33,True,True,5.8,5.834,1.0,0.994172094617758,161,124,125,0.967136946554562,2.034693877552077,0.0,0.0,0.0056034482758242025,0.0056034482758242025,5,1.0,1.0,1.0675159163542307,0.0056034482758242025,25,1.0,0.8666666666666667,1.0124813823734617,0.006946418533425176,25,1.0,0.8666666666666667,1.0124813823734617,0.006946418533425176,398,298,149,3,343,55,24,0,2,0,0,0,visual_only,False,navigation_topics_not_subscribed,,,,visual_only_no_navigation_acceptance_event,[],[],center,full,True,True,True,True,0.0,0.0,45,0.0,0.0,0.019562123699384527,0.020910669583914333,5,1.0,1.0,1.0,1.0,0.0,0.019556380044469027,,,,,,,
lateral_red_cross_left75,dynamic,red_cross,2.4,1.0,completed,MEASURED,True,NOT_GATED,False,"[""threshold_unfrozen:max_tf_failure_rate"", ""threshold_unfrozen:min_p_confirm"", ""threshold_unfrozen:min_p_selected""]",[],True,True,,4,0.1590000000001055,220.15430800001923,189.9574989993198,False,True,140,15,0.9032258064516129,"{""circle_detector+cross_detector"": 14, ""circle_detector+target_detector"": 1}",57.28040000000001,59.569,48,33,34,32,32,32,32,32,32,32,,0.0,0.3333333333333333,0.0,0.0438785338668084,0.09866779387811316,32,True,True,5.8,5.8149999999999995,1.0,0.9974204643164231,157,120,121,0.9948580884790634,2.1739130434866785,0.0,0.0,0.0056034482758242025,0.0056034482758242025,5,1.0,1.0,1.0675159163542307,0.0056034482758242025,25,1.0,0.8666666666666667,1.0124813823734617,0.006946418533425176,25,1.0,0.8666666666666667,1.0124813823734617,0.006946418533425176,629,540,270,5,549,56,26,0,3,0,0,0,visual_only,False,navigation_topics_not_subscribed,,,,visual_only_no_navigation_acceptance_event,[],[],left75,full,True,True,True,True,-1.1147849230721867,-0.6709994052515835,48,-1.1147849230721867,1.1147849230721867,-0.6514018767327634,0.6530266889406358,5,1.0,1.0,1.0,1.0,-0.9437057305256029,-0.5484377391710045,,,,,,,
lateral_red_cross_right75,dynamic,red_cross,2.4,1.0,completed,MEASURED,True,NOT_GATED,False,"[""threshold_unfrozen:max_tf_failure_rate"", ""threshold_unfrozen:min_p_confirm"", ""threshold_unfrozen:min_p_selected""]",[],True,True,,1,0.13600000000019463,57.28197500047827,43.3243389998097,False,True,153,1,0.9935064935064936,"{""circle_detector+cross_detector"": 1}",54.153,56.1845,47,32,32,31,31,31,31,31,31,31,,0.0,0.3404255319148936,0.0,0.04080656135761447,0.049629636754544626,31,True,True,5.8,5.8149999999999995,1.0,0.9974204643164231,156,119,120,1.385596450571886,1.8589743589711314,0.0,0.0,0.0056034482758242025,0.0056034482758242025,5,1.0,1.0,1.0675159163542307,0.0056034482758242025,25,1.0,0.8666666666666667,1.0124813823734617,0.006946418533425176,25,1.0,0.8666666666666667,1.0124813823734617,0.006946418533425176,100,0,0,1,71,29,0,0,1,0,0,0,visual_only,False,navigation_topics_not_subscribed,,,,visual_only_no_navigation_acceptance_event,[],[],right75,full,True,True,True,True,1.1147849230721867,0.6709994052515835,47,1.114784923072187,1.114784923072187,0.6905876134215684,0.6917559485825819,5,1.0,0.6,1.0,0.6,0.9421917553703234,0.5866864941535564,,,,,,,
lateral_red_cross_left_partial,dynamic,red_cross,2.4,1.0,completed,MEASURED,True,NOT_GATED,False,"[""threshold_unfrozen:max_tf_failure_rate"", ""threshold_unfrozen:min_p_confirm"", ""threshold_unfrozen:min_p_selected""]",[],,,,,,,,False,True,148,2,0.9866666666666667,"{""circle_detector+cross_detector"": 2}",62.7933,64.63024999999999,49,34,0,0,0,0,0,0,0,0,raw_geometry,,1.0,,,,0,False,False,5.8,5.8309999999999995,1.0,0.9946835877208027,153,114,115,0.9901872468900224,2.0291666666678227,0.0,0.0,0.0056034482758242025,0.0056034482758242025,5,1.0,1.0,1.0675159163542307,0.0056034482758242025,25,1.0,0.8666666666666667,1.0124813823734617,0.006946418533425176,25,1.0,0.8666666666666667,1.0124813823734617,0.006946418533425176,568,568,284,4,517,27,27,0,2,0,0,0,visual_only,False,navigation_topics_not_subscribed,,,,visual_only_no_navigation_acceptance_event,[],[],left_partial,partial,False,False,True,True,-1.5738798974295822,-0.947332936834389,49,-1.5738798974295822,1.5738798974295822,-0.9277360683647751,0.9297343301782128,5,,,0.0,0.0,-1.4441473871415165,-0.849688312318304,,,,,,,
lateral_red_cross_right_partial,dynamic,red_cross,2.4,1.0,completed,MEASURED,True,NOT_GATED,False,"[""threshold_unfrozen:max_tf_failure_rate"", ""threshold_unfrozen:min_p_confirm"", ""threshold_unfrozen:min_p_selected""]",[],,,,,,,,False,True,159,7,0.9578313253012049,"{""circle_detector+cross_detector"": 7}",58.156099999999995,60.608000000000004,53,34,0,0,0,0,0,0,0,0,raw_geometry,,1.0,,,,0,False,False,5.8,5.827,1.0,0.9953663978033293,168,121,122,1.0024730762484266,1.9607843137281495,0.0,0.0,0.0056034482758242025,0.0056034482758242025,5,1.0,1.0,1.0675159163542307,0.0056034482758242025,25,1.0,0.8666666666666667,1.0124813823734617,0.006946418533425176,25,1.0,0.8666666666666667,1.0124813823734617,0.006946418533425176,0,0,0,0,0,0,0,0,0,0,0,0,visual_only,False,navigation_topics_not_subscribed,,,,visual_only_no_navigation_acceptance_event,[],[],right_partial,partial,False,False,True,True,1.5738798974295822,0.947332936834389,53,1.573879897429582,1.573879897429582,0.9669017669400741,0.9681511834361738,5,,,0.0,0.0,1.4478735414973787,0.8910819629970932,,,,,,,
